Časová pečiatka,Uveďte Váš vek:,Uveďte Vaše pohlavie:,1. Ako hodnotíte všeobecnú prehľadnosť slovensko.sk?,2. Ako hodnotíte dizajn a prehľadnosť slovensko.sk pri navštívení cez mobilný prehliadač?,3. Ako hodnotíte schránku dokumentov na slovensko.sk?,4. Aké sú Vaše dojmy z inštalácie potrebných programov pre používanie elektronického občianskeho preukazu?,5. Ak ste si vytvorili vlastný e-podpis bol pre Vás tento proces náročný?,6. Za akým účelom najčastejšie navštevujete slovensko.sk?,7. Ktorú z nasledujúcich elektronických služieb ste už využili?,8. Ako hodnotíte funkčnosť vybraných služieb?,9. Nakoľko sú Vaše skúsenosti s inými eGovernment portálmi ako slovensko.sk pozitívne? ,"10. Je pre Vás slovensko.sk pohodlnejšie, ako osobný styk na úradoch?"
17.4.2018 11:23:21,36,Žena,Málo prehľadné,Málo prehľadné,"Bežná služba, ničím výnimočné ale pracuje sa s ňou dobre","Jednoduchá inštalácia, avšak neprehľadné návody",Stredne náročný,Vyhľadávanie informácií,Prihlásenie na trvalý pobyt alebo na prechodný pobyt,Často ne fungujú,Neutrálne,Áno
17.4.2018 11:59:15,25,Muž,Málo prehľadné,Nepoužívam,Ťažko sa mi s ňou pracuje,Zložitá inštalácia a neprehľadné návody,Stredne náročný,Používanie služieb verejnej správy,"Žiadosť o prevod držby vozidla na inú osobu, Kopia sobasneho listu",Často ne fungujú,Neutrálne,Áno
17.4.2018 12:13:00,27,Muž,Málo prehľadné,Nepoužívam,Ťažko sa mi s ňou pracuje,"Jednoduchá inštalácia, avšak neprehľadné návody",Stredne náročný,"Pracovne, je to nevyhnutné kvôli mojej práci",Žiadne,Vždy fungujú,Neutrálne,Nie
17.4.2018 12:31:53,33,Muž,Málo prehľadné,Neprehľadné,Ťažko sa mi s ňou pracuje,Zložitá inštalácia a neprehľadné návody,Náročný,"Pracovne, je to nevyhnutné kvôli mojej práci","Návrh na zápis, zmenu a výmaz údajov v obchodnom registri, Danove priznanie",Často fungujú,Negatívne,Nie
17.4.2018 12:48:45,29,Muž,Neprehľadné,Neprehľadné,Ťažko sa mi s ňou pracuje,Zložitá inštalácia a neprehľadné návody,Náročný,Používanie služieb verejnej správy,"Ohlásenie živnosti, Žiadosť o výpis zo živnostenského registra, Vydanie nového občianskeho preukazu s čipom, Vydanie úradného výpisu matričného dokladu",Často ne fungujú,Negatívne,Áno
27.4.2018 20:55:53,22,Muž,Nepoužívam,Nepoužívam,Nepoužívam,Neinštaloval/a som,Nevytvoril,Nenavštevujem,Žiadne,Nepoužívam,Neutrálne,Nie
27.4.2018 20:57:27,23,Muž,Nepoužívam,Nepoužívam,Nepoužívam,Zložitá inštalácia a neprehľadné návody,Nevytvoril,Nenavštevujem,Žiadne,Nepoužívam,Negatívne,Áno
27.4.2018 21:01:38,26,Muž,Nepoužívam,Neprehľadné,Nepoužívam,Neinštaloval/a som,Nevytvoril,Nenavštevujem,Žiadne,Nepoužívam,Veľmi negatívne,Nie
27.4.2018 21:06:34,23,Žena,Nepoužívam,Nepoužívam,Nepoužívam,Neinštaloval/a som,Nevytvoril,Nenavštevujem,"Žiadosť o prevod držby vozidla na inú osobu, Žiadne",Nepoužívam,Neutrálne,Áno
27.4.2018 21:06:54,20,Muž,Prehľadné,Nepoužívam,Veľmi užitočná služba dobre sa s ňou pracuje,Neinštaloval/a som,Nevytvoril,Nenavštevujem,Žiadne,Často fungujú,Pozitívne,Áno
27.4.2018 21:10:24,22,Žena,Nepoužívam,Nepoužívam,Nepoužívam,Neinštaloval/a som,Stredne náročný,Nenavštevujem,Žiadne,Nepoužívam,Neutrálne,
27.4.2018 21:12:36,21,Muž,Nepoužívam,Nepoužívam,Nepoužívam,Neinštaloval/a som,Nevytvoril,Nenavštevujem,Žiadne,Nepoužívam,Neutrálne,Nie
27.4.2018 21:14:54,24,Muž,Celkom prehľadné,Celkom prehľadné,Nepoužívam,Neinštaloval/a som,Nevytvoril,Nenavštevujem,Žiadne,Nepoužívam,Neutrálne,Nie
27.4.2018 21:15:16,22,Muž,Nepoužívam,Nepoužívam,Nepoužívam,Neinštaloval/a som,Nevytvoril,Nenavštevujem,Žiadne,Nepoužívam,Neutrálne,
27.4.2018 21:16:47,25,Žena,Nepoužívam,Nepoužívam,Nepoužívam,Neinštaloval/a som,Nevytvoril,Nenavštevujem,Žiadne,Nepoužívam,Neutrálne,Nie
27.4.2018 21:24:23,23,Muž,Málo prehľadné,Neprehľadné,Nepoužívam,"Jednoduchá inštalácia, avšak neprehľadné návody",Stredne náročný,Používanie služieb verejnej správy,"Návrh na zápis, zmenu a výmaz údajov v obchodnom registri, Ohlásenie živnosti",Často ne fungujú,Negatívne,Nie
27.4.2018 21:27:19,20,Muž,Nepoužívam,Nepoužívam,Nepoužívam,Neinštaloval/a som,Nevytvoril,Nenavštevujem,Žiadne,Nepoužívam,Neutrálne,Nie
27.4.2018 22:02:45,22,Muž,Nepoužívam,Nepoužívam,Nepoužívam,Neinštaloval/a som,Stredne náročný,Nenavštevujem,Žiadne,Nepoužívam,Neutrálne,Nie
27.4.2018 22:52:18,27,Muž,Nepoužívam,Nepoužívam,Nepoužívam,Neinštaloval/a som,Nevytvoril,Nenavštevujem,Žiadne,Nepoužívam,Neutrálne,Nie
27.4.2018 22:56:32,21,Žena,Nepoužívam,Nepoužívam,Nepoužívam,Neinštaloval/a som,Nevytvoril,Nenavštevujem,Žiadne,Nepoužívam,Neutrálne,Áno
27.4.2018 23:49:38,19,Muž,Nepoužívam,Nepoužívam,Nepoužívam,Neinštaloval/a som,Nevytvoril,Nenavštevujem,Žiadne,Nepoužívam,Negatívne,Nie
28.4.2018 0:13:51,21,Žena,Nepoužívam,Nepoužívam,Nepoužívam,Neinštaloval/a som,Nevytvoril,Nenavštevujem,Žiadne,Nepoužívam,Neutrálne,Nie
28.4.2018 0:32:28,24,Muž,Málo prehľadné,Málo prehľadné,Nepoužívam,"Zložitá inštalácia, avšak prehľadné návody",Stredne náročný,Vyhľadávanie informácií,Výpis alebo odpis z registra trestov,Často ne fungujú,Negatívne,Nie
28.4.2018 0:48:18,23,Muž,Celkom prehľadné,Celkom prehľadné,Nepoužívam,Neinštaloval/a som,Nevytvoril,Nenavštevujem,Žiadne,Nepoužívam,Neutrálne,Áno
28.4.2018 0:59:27,24,Muž,Neprehľadné,Neprehľadné,Ťažko sa mi s ňou pracuje,Zložitá inštalácia a neprehľadné návody,Náročný,Používanie služieb verejnej správy,"Výpis z obchodného registra, Výpis alebo odpis z registra trestov, Vydanie nového občianskeho preukazu s čipom",Často ne fungujú,Veľmi negatívne,Nie
28.4.2018 1:10:47,17,Muž,Neprehľadné,Nepoužívam,Ťažko sa mi s ňou pracuje,Neinštaloval/a som,Nevytvoril,Vyhľadávanie informácií,Žiadne,Nepoužívam,Neutrálne,Áno
28.4.2018 1:59:02,20,Muž,Nepoužívam,Nepoužívam,Nepoužívam,Neinštaloval/a som,Nevytvoril,Nenavštevujem,Žiadne,Nepoužívam,Neutrálne,Nie
28.4.2018 2:18:13,24,Muž,Málo prehľadné,Málo prehľadné,Nepoužívam,Neinštaloval/a som,Nevytvoril,Nenavštevujem,Žiadne,Nepoužívam,Neutrálne,Áno
28.4.2018 2:51:02,20,Žena,Nepoužívam,Nepoužívam,Nepoužívam,Neinštaloval/a som,Nevytvoril,Nenavštevujem,Žiadne,Nepoužívam,Neutrálne,Nie
28.4.2018 6:51:01,23,Žena,Nepoužívam,Nepoužívam,Nepoužívam,Neinštaloval/a som,Nevytvoril,Nenavštevujem,Žiadne,Nepoužívam,Neutrálne,Áno
28.4.2018 8:37:39,22,Žena,Prehľadné,Prehľadné,"Bežná služba, ničím výnimočné ale pracuje sa s ňou dobre",Neinštaloval/a som,Nevytvoril,Vyhľadávanie informácií,Žiadne,Nepoužívam,Neutrálne,Áno
28.4.2018 9:19:03,33,Muž,Málo prehľadné,Nepoužívam,Ťažko sa mi s ňou pracuje,Zložitá inštalácia a neprehľadné návody,Náročný,"Pracovne, je to nevyhnutné kvôli mojej práci","Výpis z obchodného registra, Ohlásenie živnosti, Rôzne oznámenia na úrady, ktoré sú v rámci podnikania potrebne",Často ne fungujú,Negatívne,Nie
28.4.2018 9:21:36,23,Žena,Nepoužívam,Nepoužívam,Nepoužívam,Neinštaloval/a som,Nevytvoril,Nenavštevujem,Žiadne,Nepoužívam,Neutrálne,Nie
28.4.2018 9:49:48,24,Žena,Celkom prehľadné,Celkom prehľadné,Nepoužívam,Neinštaloval/a som,Nevytvoril,Nenavštevujem,Žiadne,Nepoužívam,Neutrálne,Áno
28.4.2018 10:06:55,23,Muž,Málo prehľadné,Neprehľadné,Ťažko sa mi s ňou pracuje,Neinštaloval/a som,Nevytvoril,Vyhľadávanie informácií,Žiadne,Často ne fungujú,Pozitívne,Nie
28.4.2018 10:07:56,34,Muž,Celkom prehľadné,Nepoužívam,Nepoužívam,Neinštaloval/a som,Nevytvoril,Nenavštevujem,Žiadne,Nepoužívam,Neutrálne,Áno
28.4.2018 10:13:03,23,Muž,Neprehľadné,Málo prehľadné,Nepoužívam,Neinštaloval/a som,Nevytvoril,Nenavštevujem,Žiadne,Nepoužívam,Neutrálne,Áno
28.4.2018 11:02:32,29,Muž,Málo prehľadné,Nepoužívam,Nepoužívam,Zložitá inštalácia a neprehľadné návody,Nevytvoril,Nenavštevujem,Žiadne,Nepoužívam,Neutrálne,Nie
28.4.2018 11:02:36,21,Žena,Nepoužívam,Nepoužívam,Nepoužívam,Neinštaloval/a som,Nevytvoril,Nenavštevujem,Žiadne,Nepoužívam,Neutrálne,Nie
28.4.2018 11:06:03,21,Muž,Nepoužívam,Nepoužívam,Nepoužívam,Neinštaloval/a som,Nevytvoril,Nenavštevujem,Žiadne,Nepoužívam,Neutrálne,Nie
28.4.2018 11:07:13,20,Žena,Nepoužívam,Nepoužívam,Nepoužívam,Neinštaloval/a som,Nevytvoril,Nenavštevujem,Žiadne,Nepoužívam,Neutrálne,Nie
28.4.2018 11:21:53,46,Muž,Celkom prehľadné,Celkom prehľadné,Ťažko sa mi s ňou pracuje,Jednoduchá inštalácia a prehľadné návody,Stredne náročný,"Pracovne, je to nevyhnutné kvôli mojej práci",Prevzatie korespondencie s uradmi,Vždy fungujú,Neutrálne,Áno
28.4.2018 12:05:32,26,Muž,Celkom prehľadné,Málo prehľadné,"Bežná služba, ničím výnimočné ale pracuje sa s ňou dobre",Jednoduchá inštalácia a prehľadné návody,Nenáročný,Vyhľadávanie informácií,Žiadne,Často fungujú,Neutrálne,Áno
28.4.2018 12:24:23,29,Muž,Neprehľadné,Neprehľadné,Ťažko sa mi s ňou pracuje,Zložitá inštalácia a neprehľadné návody,Náročný,Vyhľadávanie informácií,Prihlásenie na trvalý pobyt alebo na prechodný pobyt,Často ne fungujú,Negatívne,Áno
28.4.2018 13:10:07,19,Muž,Málo prehľadné,Málo prehľadné,Ťažko sa mi s ňou pracuje,Jednoduchá inštalácia a prehľadné návody,Stredne náročný,Používanie služieb verejnej správy,Žiadne,Nepoužívam,Neutrálne,Nie
28.4.2018 14:10:48,23,Muž,Nepoužívam,Nepoužívam,Nepoužívam,Neinštaloval/a som,Nevytvoril,Nenavštevujem,Žiadne,Nepoužívam,Neutrálne,Nie
28.4.2018 14:48:50,21,Žena,Nepoužívam,Nepoužívam,Nepoužívam,Neinštaloval/a som,Nevytvoril,Nenavštevujem,Žiadne,Nepoužívam,Neutrálne,Áno
28.4.2018 15:18:55,22,Žena,Celkom prehľadné,Málo prehľadné,Nepoužívam,Neinštaloval/a som,Nevytvoril,Nenavštevujem,Žiadne,Nepoužívam,Pozitívne,Áno
28.4.2018 18:03:06,20,Muž,Nepoužívam,Nepoužívam,Nepoužívam,Neinštaloval/a som,Nevytvoril,Nenavštevujem,Žiadne,Nepoužívam,Neutrálne,Nie
28.4.2018 19:47:45,27,Muž,Nepoužívam,Nepoužívam,Nepoužívam,Neinštaloval/a som,Nevytvoril,Nenavštevujem,Žiadne,Nepoužívam,Neutrálne,Nie
28.4.2018 20:31:39,23,Muž,Nepoužívam,Nepoužívam,Nepoužívam,Neinštaloval/a som,Nevytvoril,Nenavštevujem,Žiadne,Nepoužívam,Neutrálne,Nie
28.4.2018 20:40:01,23,Muž,Málo prehľadné,Málo prehľadné,Ťažko sa mi s ňou pracuje,Neinštaloval/a som,Nevytvoril,Používanie služieb verejnej správy,Žiadne,Nepoužívam,Negatívne,Nie
28.4.2018 22:40:37,22,Muž,Málo prehľadné,Nepoužívam,Nepoužívam,"Zložitá inštalácia, avšak prehľadné návody",Nevytvoril,Používanie služieb verejnej správy,Výpis alebo odpis z registra trestov,Často ne fungujú,Neutrálne,Nie
28.4.2018 23:19:21,23,Muž,Málo prehľadné,Neprehľadné,Ťažko sa mi s ňou pracuje,"Zložitá inštalácia, avšak prehľadné návody",Nevytvoril,Nenavštevujem,Registracia terminu na vydanie pasu na ambasade,Často fungujú,Neutrálne,Áno
28.4.2018 23:48:53,20,Žena,Nepoužívam,Nepoužívam,Nepoužívam,Neinštaloval/a som,Nevytvoril,Nenavštevujem,Žiadne,Nepoužívam,Neutrálne,Nie
29.4.2018 6:49:21,22,Žena,Nepoužívam,Nepoužívam,Nepoužívam,Neinštaloval/a som,Nevytvoril,Nenavštevujem,Žiadne,Nepoužívam,Veľmi negatívne,Nie
29.4.2018 8:41:02,29,Muž,Neprehľadné,Nepoužívam,Ťažko sa mi s ňou pracuje,"Zložitá inštalácia, avšak prehľadné návody",Stredne náročný,"Pracovne, je to nevyhnutné kvôli mojej práci","Ohlásenie živnosti, Žiadosť o výpis zo živnostenského registra",Často ne fungujú,Veľmi negatívne,Nie
29.4.2018 10:20:21,26,Žena,Neprehľadné,Nepoužívam,Nepoužívam,Neinštaloval/a som,Nevytvoril,"Pracovne, je to nevyhnutné kvôli mojej práci",Žiadne,Nepoužívam,Neutrálne,Nie
29.4.2018 10:24:20,28,Muž,Málo prehľadné,Neprehľadné,Ťažko sa mi s ňou pracuje,Zložitá inštalácia a neprehľadné návody,Náročný,Používanie služieb verejnej správy,"Vydanie nového občianskeho preukazu s čipom, Prihlásenie na trvalý pobyt alebo na prechodný pobyt",Často ne fungujú,Pozitívne,Áno
29.4.2018 10:57:18,22,Muž,Celkom prehľadné,Málo prehľadné,"Bežná služba, ničím výnimočné ale pracuje sa s ňou dobre","Jednoduchá inštalácia, avšak neprehľadné návody",Stredne náročný,"Pracovne, je to nevyhnutné kvôli mojej práci",Výpis alebo odpis z registra trestov,Často fungujú,Pozitívne,Áno
29.4.2018 13:48:33,28,Muž,Celkom prehľadné,Nepoužívam,"Bežná služba, ničím výnimočné ale pracuje sa s ňou dobre","Zložitá inštalácia, avšak prehľadné návody",Stredne náročný,"Pracovne, je to nevyhnutné kvôli mojej práci","Návrh na zápis, zmenu a výmaz údajov v obchodnom registri, Ohlásenie živnosti",Často fungujú,Neutrálne,Áno
29.4.2018 19:36:21,24,Muž,Nepoužívam,Nepoužívam,Nepoužívam,Neinštaloval/a som,Nevytvoril,Nenavštevujem,Žiadne,Nepoužívam,Neutrálne,Áno
29.4.2018 21:09:48,17,Žena,Nepoužívam,Nepoužívam,Nepoužívam,Neinštaloval/a som,Nevytvoril,Nenavštevujem,Žiadne,Nepoužívam,Veľmi pozitívne,Áno
1.5.2018 19:22:20,25,Muž,Nepoužívam,Nepoužívam,Nepoužívam,Neinštaloval/a som,Nevytvoril,Nenavštevujem,Žiadne,Nepoužívam,Veľmi negatívne,Nie
1.5.2018 19:22:25,20,Muž,Neprehľadné,Neprehľadné,Ťažko sa mi s ňou pracuje,Zložitá inštalácia a neprehľadné návody,Stredne náročný,Používanie služieb verejnej správy,"Vydanie nového občianskeho preukazu s čipom, Prihlásenie na trvalý pobyt alebo na prechodný pobyt, Vydanie úradného výpisu matričného dokladu",Často ne fungujú,Pozitívne,Nie
1.5.2018 19:43:01,22,Muž,Málo prehľadné,Málo prehľadné,Nepoužívam,Neinštaloval/a som,Náročný,Nenavštevujem,Žiadne,Často ne fungujú,Negatívne,Nie
1.5.2018 19:54:34,24,Žena,Málo prehľadné,Neprehľadné,"Bežná služba, ničím výnimočné ale pracuje sa s ňou dobre","Jednoduchá inštalácia, avšak neprehľadné návody",Nevytvoril,"Pracovne, je to nevyhnutné kvôli mojej práci","Výpis z obchodného registra, firemná poštová schránka",Často fungujú,Neutrálne,Nie
1.5.2018 19:56:02,26,Muž,Celkom prehľadné,Nepoužívam,"Bežná služba, ničím výnimočné ale pracuje sa s ňou dobre","Jednoduchá inštalácia, avšak neprehľadné návody",Stredne náročný,Vyhľadávanie informácií,"Podanie daňového priznania, el. podpisovanie ",Často ne fungujú,Negatívne,Nie
1.5.2018 20:02:49,24,Žena,Neprehľadné,Nepoužívam,Ťažko sa mi s ňou pracuje,"Jednoduchá inštalácia, avšak neprehľadné návody",Stredne náročný,Používanie služieb verejnej správy,Colne vyhlasenie,Často ne fungujú,Veľmi negatívne,Nie
1.5.2018 20:09:34,23,Žena,Nepoužívam,Nepoužívam,Nepoužívam,Neinštaloval/a som,Nevytvoril,Nenavštevujem,Žiadne,Nepoužívam,Neutrálne,
1.5.2018 20:28:28,21,Žena,Nepoužívam,Nepoužívam,Nepoužívam,Neinštaloval/a som,Nevytvoril,Nenavštevujem,Žiadne,Nepoužívam,Veľmi negatívne,Nie
1.5.2018 20:52:21,20,Žena,Celkom prehľadné,Celkom prehľadné,"Bežná služba, ničím výnimočné ale pracuje sa s ňou dobre","Jednoduchá inštalácia, avšak neprehľadné návody",Stredne náročný,Vyhľadávanie informácií,Žiadne,Často fungujú,Neutrálne,Áno
1.5.2018 21:41:02,24,Muž,Neprehľadné,Nepoužívam,Ťažko sa mi s ňou pracuje,Zložitá inštalácia a neprehľadné návody,Stredne náročný,"Pracovne, je to nevyhnutné kvôli mojej práci","Návrh na zápis, zmenu a výmaz údajov v obchodnom registri, Výpis z obchodného registra, Ohlásenie živnosti, Žiadosť o výpis zo živnostenského registra, Výpis alebo odpis z registra trestov",Často ne fungujú,Neutrálne,Áno
1.5.2018 21:48:28,21,Muž,Celkom prehľadné,Neprehľadné,Ťažko sa mi s ňou pracuje,Zložitá inštalácia a neprehľadné návody,Náročný,Vyhľadávanie informácií,Žiadne,Často ne fungujú,Veľmi negatívne,Áno
1.5.2018 22:47:52,25,Muž,Nepoužívam,Nepoužívam,Nepoužívam,Neinštaloval/a som,Nevytvoril,Nenavštevujem,Žiadne,Nepoužívam,Neutrálne,Nie
1.5.2018 22:48:56,21,Žena,Málo prehľadné,Málo prehľadné,"Bežná služba, ničím výnimočné ale pracuje sa s ňou dobre","Jednoduchá inštalácia, avšak neprehľadné návody",Stredne náročný,"Pracovne, je to nevyhnutné kvôli mojej práci","Návrh na zápis, zmenu a výmaz údajov v obchodnom registri, Ohlásenie živnosti",Často fungujú,Neutrálne,Áno
1.5.2018 22:59:36,27,Muž,Málo prehľadné,Málo prehľadné,Ťažko sa mi s ňou pracuje,Zložitá inštalácia a neprehľadné návody,Náročný,"Pracovne, je to nevyhnutné kvôli mojej práci","Návrh na zápis, zmenu a výmaz údajov v obchodnom registri",Často fungujú,Negatívne,Áno
1.5.2018 23:01:56,29,Muž,Celkom prehľadné,Celkom prehľadné,"Bežná služba, ničím výnimočné ale pracuje sa s ňou dobre","Jednoduchá inštalácia, avšak neprehľadné návody",Stredne náročný,"Pracovne, je to nevyhnutné kvôli mojej práci","Ohlásenie živnosti, Žiadosť o výpis zo živnostenského registra",Často fungujú,Neutrálne,Áno
1.5.2018 23:07:43,23,Muž,Neprehľadné,Nepoužívam,Ťažko sa mi s ňou pracuje,Zložitá inštalácia a neprehľadné návody,Nevytvoril,"Pracovne, je to nevyhnutné kvôli mojej práci",Výpis alebo odpis z registra trestov,Často ne fungujú,Negatívne,Áno
1.5.2018 23:15:59,20,Muž,Celkom prehľadné,Celkom prehľadné,"Bežná služba, ničím výnimočné ale pracuje sa s ňou dobre",Neinštaloval/a som,Nevytvoril,Vyhľadávanie informácií,Žiadne,Nepoužívam,Pozitívne,Áno
2.5.2018 0:00:48,20,Žena,Neprehľadné,Celkom prehľadné,Ťažko sa mi s ňou pracuje,Neinštaloval/a som,Nevytvoril,Používanie služieb verejnej správy,"Návrh na zápis, zmenu a výmaz údajov v obchodnom registri, Výpis alebo odpis z registra trestov, Prihlásenie na trvalý pobyt alebo na prechodný pobyt, Vydanie úradného výpisu matričného dokladu",Často fungujú,Neutrálne,Nie
2.5.2018 0:03:01,21,Muž,Málo prehľadné,Neprehľadné,Ťažko sa mi s ňou pracuje,"Zložitá inštalácia, avšak prehľadné návody",Náročný,Nenavštevujem,Žiadne,Často ne fungujú,Negatívne,Nie
2.5.2018 2:36:04,25,Muž,Nepoužívam,Nepoužívam,Nepoužívam,Neinštaloval/a som,Nevytvoril,Nenavštevujem,Žiadne,Nepoužívam,Neutrálne,Áno
2.5.2018 9:05:48,25,Žena,Nepoužívam,Nepoužívam,Nepoužívam,Neinštaloval/a som,Nevytvoril,Nenavštevujem,Žiadne,Nepoužívam,Neutrálne,Nie
2.5.2018 9:08:46,22,Žena,Celkom prehľadné,Celkom prehľadné,Nepoužívam,Neinštaloval/a som,Nevytvoril,Vyhľadávanie informácií,Žiadne,Nepoužívam,Pozitívne,Áno
2.5.2018 9:09:34,19,Muž,Celkom prehľadné,Celkom prehľadné,Nepoužívam,Jednoduchá inštalácia a prehľadné návody,Nevytvoril,Nenavštevujem,Prihlásenie na trvalý pobyt alebo na prechodný pobyt,Často fungujú,Neutrálne,Áno
2.5.2018 9:10:11,24,Žena,Celkom prehľadné,Nepoužívam,Veľmi užitočná služba dobre sa s ňou pracuje,Neinštaloval/a som,Nevytvoril,Nenavštevujem,Žiadne,Nepoužívam,Neutrálne,Áno
2.5.2018 9:13:33,24,Muž,Celkom prehľadné,Celkom prehľadné,"Bežná služba, ničím výnimočné ale pracuje sa s ňou dobre",Jednoduchá inštalácia a prehľadné návody,Stredne náročný,Používanie služieb verejnej správy,"Výpis z obchodného registra, Výpis alebo odpis z registra trestov, Vydanie nového občianskeho preukazu s čipom",Často fungujú,Neutrálne,Áno
2.5.2018 9:15:57,37,Muž,Neprehľadné,Neprehľadné,Veľmi užitočná služba dobre sa s ňou pracuje,Zložitá inštalácia a neprehľadné návody,Nevytvoril,Nenavštevujem,Žiadne,Nepoužívam,Neutrálne,Nie
2.5.2018 9:16:43,22,Žena,Celkom prehľadné,Celkom prehľadné,"Bežná služba, ničím výnimočné ale pracuje sa s ňou dobre","Jednoduchá inštalácia, avšak neprehľadné návody",Stredne náročný,Nenavštevujem,Žiadne,Vždy fungujú,Neutrálne,Nie
2.5.2018 9:23:45,30,Muž,Celkom prehľadné,Celkom prehľadné,"Bežná služba, ničím výnimočné ale pracuje sa s ňou dobre",Neinštaloval/a som,Nenáročný,Vyhľadávanie informácií,Žiadne,Často fungujú,Neutrálne,Áno
2.5.2018 9:26:38,27,Muž,Nepoužívam,Nepoužívam,Nepoužívam,Neinštaloval/a som,Nevytvoril,Nenavštevujem,Žiadne,Nepoužívam,Neutrálne,Nie
2.5.2018 9:27:18,23,Žena,Prehľadné,Celkom prehľadné,Veľmi užitočná služba dobre sa s ňou pracuje,Neinštaloval/a som,Nevytvoril,Nenavštevujem,Žiadne,Nepoužívam,Neutrálne,Áno
2.5.2018 9:31:06,31,Žena,Málo prehľadné,Nepoužívam,Nepoužívam,Zložitá inštalácia a neprehľadné návody,Nevytvoril,Používanie služieb verejnej správy,evidencia vozidla,Často fungujú,Neutrálne,Áno
2.5.2018 9:31:10,25,Žena,Nepoužívam,Nepoužívam,Nepoužívam,Neinštaloval/a som,Náročný,Nenavštevujem,Žiadne,Nepoužívam,Neutrálne,Nie
2.5.2018 9:39:17,26,Muž,Celkom prehľadné,Nepoužívam,Nepoužívam,Neinštaloval/a som,Nevytvoril,Nenavštevujem,Žiadne,Často ne fungujú,Negatívne,Nie
2.5.2018 9:39:52,28,Muž,Neprehľadné,Málo prehľadné,Ťažko sa mi s ňou pracuje,Zložitá inštalácia a neprehľadné návody,Náročný,Používanie služieb verejnej správy,Prihlásenie na trvalý pobyt alebo na prechodný pobyt,Často fungujú,Neutrálne,Áno
2.5.2018 9:41:02,24,Muž,Prehľadné,Prehľadné,Veľmi užitočná služba dobre sa s ňou pracuje,Jednoduchá inštalácia a prehľadné návody,Nenáročný,"Pracovne, je to nevyhnutné kvôli mojej práci","Návrh na zápis, zmenu a výmaz údajov v obchodnom registri",Vždy fungujú,Veľmi pozitívne,Áno
2.5.2018 9:41:31,22,Žena,Málo prehľadné,Celkom prehľadné,"Bežná služba, ničím výnimočné ale pracuje sa s ňou dobre","Jednoduchá inštalácia, avšak neprehľadné návody",Stredne náročný,Vyhľadávanie informácií,Výpis z obchodného registra,Často fungujú,Pozitívne,Nie
2.5.2018 9:42:03,30,Žena,Neprehľadné,Málo prehľadné,Ťažko sa mi s ňou pracuje,"Jednoduchá inštalácia, avšak neprehľadné návody",Stredne náročný,"Pracovne, je to nevyhnutné kvôli mojej práci","Ohlásenie živnosti, Vydanie úradného výpisu matričného dokladu",Často fungujú,Negatívne,Áno
2.5.2018 9:43:55,23,Žena,Nepoužívam,Nepoužívam,Nepoužívam,Neinštaloval/a som,Nevytvoril,Nenavštevujem,Žiadne,Nepoužívam,Neutrálne,Nie
2.5.2018 9:45:44,26,Muž,Neprehľadné,Neprehľadné,Ťažko sa mi s ňou pracuje,Zložitá inštalácia a neprehľadné návody,Náročný,Používanie služieb verejnej správy,"Výpis alebo odpis z registra trestov, Žiadosť o prevod držby vozidla na inú osobu, Vydanie nového občianskeho preukazu s čipom, Prihlásenie na trvalý pobyt alebo na prechodný pobyt",Často fungujú,Negatívne,Nie
2.5.2018 9:46:32,26,Žena,Nepoužívam,Nepoužívam,Nepoužívam,Neinštaloval/a som,Nevytvoril,Nenavštevujem,Žiadne,Nepoužívam,Neutrálne,Áno
2.5.2018 9:51:23,27,Žena,Málo prehľadné,Neprehľadné,Nepoužívam,Zložitá inštalácia a neprehľadné návody,Náročný,Nenavštevujem,Žiadne,Nepoužívam,Neutrálne,Nie
2.5.2018 9:56:33,24,Žena,Celkom prehľadné,Prehľadné,Nepoužívam,Neinštaloval/a som,Nevytvoril,Nenavštevujem,Žiadne,Nepoužívam,Neutrálne,Áno
2.5.2018 9:59:04,23,Žena,Nepoužívam,Nepoužívam,Nepoužívam,Neinštaloval/a som,Nevytvoril,Nenavštevujem,Žiadne,Nepoužívam,Neutrálne,Áno
2.5.2018 10:08:25,23,Muž,Nepoužívam,Nepoužívam,Nepoužívam,Neinštaloval/a som,Nevytvoril,Nenavštevujem,Žiadne,Nepoužívam,Veľmi negatívne,Áno
2.5.2018 10:10:18,25,Muž,Málo prehľadné,Málo prehľadné,Nepoužívam,Neinštaloval/a som,Nevytvoril,Nenavštevujem,Žiadne,Nepoužívam,Neutrálne,Áno
2.5.2018 10:31:25,24,Muž,Celkom prehľadné,Celkom prehľadné,"Bežná služba, ničím výnimočné ale pracuje sa s ňou dobre",Neinštaloval/a som,Nevytvoril,Nenavštevujem,Žiadne,Nepoužívam,Neutrálne,Nie
2.5.2018 10:44:22,27,Muž,Nepoužívam,Nepoužívam,Nepoužívam,Zložitá inštalácia a neprehľadné návody,Nevytvoril,Nenavštevujem,Žiadne,Nepoužívam,Neutrálne,Nie
2.5.2018 10:54:27,25,Muž,Celkom prehľadné,Celkom prehľadné,"Bežná služba, ničím výnimočné ale pracuje sa s ňou dobre",Neinštaloval/a som,Nevytvoril,Používanie služieb verejnej správy,Výpis z obchodného registra,Často fungujú,Neutrálne,Áno
2.5.2018 10:54:52,24,Muž,Nepoužívam,Nepoužívam,Nepoužívam,Neinštaloval/a som,Nevytvoril,Nenavštevujem,Žiadne,Nepoužívam,Neutrálne,
2.5.2018 11:00:23,25,Muž,Celkom prehľadné,Celkom prehľadné,Nepoužívam,Neinštaloval/a som,Nevytvoril,Vyhľadávanie informácií,Žiadne,Nepoužívam,Neutrálne,Nie
2.5.2018 11:00:41,23,Muž,Celkom prehľadné,Celkom prehľadné,Nepoužívam,Neinštaloval/a som,Nevytvoril,Nenavštevujem,Žiadne,Nepoužívam,Neutrálne,Áno
2.5.2018 11:14:04,36,Žena,Nepoužívam,Nepoužívam,Nepoužívam,Neinštaloval/a som,Nevytvoril,Nenavštevujem,Žiadne,Nepoužívam,Neutrálne,Nie
2.5.2018 13:33:42,26,Žena,Celkom prehľadné,Celkom prehľadné,"Bežná služba, ničím výnimočné ale pracuje sa s ňou dobre",Neinštaloval/a som,Nevytvoril,Vyhľadávanie informácií,Žiadne,Často fungujú,Pozitívne,Áno
2.5.2018 15:51:37,30,Muž,Nepoužívam,Nepoužívam,Nepoužívam,Neinštaloval/a som,Nevytvoril,Nenavštevujem,Žiadne,Nepoužívam,Negatívne,Nie
2.5.2018 16:05:26,23,Žena,Nepoužívam,Nepoužívam,Nepoužívam,Neinštaloval/a som,Nevytvoril,Nenavštevujem,Žiadne,Nepoužívam,Neutrálne,Nie
2.5.2018 19:21:18,18,Muž,Málo prehľadné,Neprehľadné,Ťažko sa mi s ňou pracuje,"Zložitá inštalácia, avšak prehľadné návody",Náročný,Používanie služieb verejnej správy,Žiadne,Často fungujú,Negatívne,Áno
2.5.2018 19:23:40,27,Muž,Nepoužívam,Nepoužívam,Nepoužívam,Neinštaloval/a som,Nevytvoril,Nenavštevujem,Žiadne,Nepoužívam,Neutrálne,Áno
2.5.2018 21:58:17,24,Muž,Celkom prehľadné,Celkom prehľadné,"Bežná služba, ničím výnimočné ale pracuje sa s ňou dobre",Neinštaloval/a som,Nevytvoril,Nenavštevujem,Žiadne,Nepoužívam,Neutrálne,Áno
3.5.2018 7:42:36,24,Žena,Celkom prehľadné,Celkom prehľadné,Nepoužívam,Neinštaloval/a som,Nevytvoril,Vyhľadávanie informácií,Žiadne,Často ne fungujú,Neutrálne,Nie
3.5.2018 7:44:20,25,Žena,Málo prehľadné,Málo prehľadné,"Bežná služba, ničím výnimočné ale pracuje sa s ňou dobre","Zložitá inštalácia, avšak prehľadné návody",Stredne náročný,"Pracovne, je to nevyhnutné kvôli mojej práci",Ohlásenie živnosti,Často fungujú,Neutrálne,Áno
3.5.2018 7:46:03,27,Muž,Celkom prehľadné,Celkom prehľadné,"Bežná služba, ničím výnimočné ale pracuje sa s ňou dobre","Jednoduchá inštalácia, avšak neprehľadné návody",Stredne náročný,Používanie služieb verejnej správy,"Ohlásenie živnosti, Vydanie nového občianskeho preukazu s čipom",Často fungujú,Neutrálne,Áno
3.5.2018 7:47:15,24,Žena,Celkom prehľadné,Celkom prehľadné,Nepoužívam,Neinštaloval/a som,Nevytvoril,Vyhľadávanie informácií,Výpis alebo odpis z registra trestov,Často fungujú,Neutrálne,Áno
3.5.2018 7:48:21,30,Muž,Málo prehľadné,Celkom prehľadné,Veľmi užitočná služba dobre sa s ňou pracuje,"Jednoduchá inštalácia, avšak neprehľadné návody",Stredne náročný,"Pracovne, je to nevyhnutné kvôli mojej práci",Prihlásenie na trvalý pobyt alebo na prechodný pobyt,Často fungujú,Neutrálne,Áno
3.5.2018 10:22:16,32,Muž,Prehľadné,Celkom prehľadné,"Bežná služba, ničím výnimočné ale pracuje sa s ňou dobre",Neinštaloval/a som,Nevytvoril,Nenavštevujem,"Žiadosť o výpis zo živnostenského registra, Prihlásenie na trvalý pobyt alebo na prechodný pobyt",Často fungujú,Pozitívne,Áno
5.5.2018 14:13:29,25,Žena,Celkom prehľadné,Málo prehľadné,Nepoužívam,Neinštaloval/a som,Nevytvoril,Vyhľadávanie informácií,"Vyhladavanie na kapor, vyhladavanie v orsr",Nepoužívam,Pozitívne,Áno
5.5.2018 21:08:01,23,Žena,Prehľadné,Prehľadné,"Bežná služba, ničím výnimočné ale pracuje sa s ňou dobre",Neinštaloval/a som,Nevytvoril,Nenavštevujem,Žiadne,Nepoužívam,Neutrálne,Nie
5.5.2018 21:50:30,20,Žena,Celkom prehľadné,Celkom prehľadné,Veľmi užitočná služba dobre sa s ňou pracuje,Neinštaloval/a som,Nevytvoril,Vyhľadávanie informácií,Žiadne,Nepoužívam,Pozitívne,Áno
5.5.2018 21:51:58,22,Žena,Prehľadné,Celkom prehľadné,"Bežná služba, ničím výnimočné ale pracuje sa s ňou dobre",Neinštaloval/a som,Nevytvoril,Vyhľadávanie informácií,Výpis alebo odpis z registra trestov,Často fungujú,Neutrálne,Áno
5.5.2018 21:54:44,27,Muž,Celkom prehľadné,Nepoužívam,Nepoužívam,Zložitá inštalácia a neprehľadné návody,Náročný,Používanie služieb verejnej správy,"Vydanie nového občianskeho preukazu s čipom, Vydanie úradného výpisu matričného dokladu",Často ne fungujú,Pozitívne,Áno
5.5.2018 22:21:58,21,Žena,Nepoužívam,Nepoužívam,Nepoužívam,Neinštaloval/a som,Nevytvoril,Nenavštevujem,Žiadne,Nepoužívam,Neutrálne,Áno
6.5.2018 5:03:25,39,Muž,Nepoužívam,Nepoužívam,Nepoužívam,Neinštaloval/a som,Nevytvoril,Nenavštevujem,Žiadne,Nepoužívam,Neutrálne,Áno
6.5.2018 8:52:41,26,Žena,Nepoužívam,Nepoužívam,Nepoužívam,Neinštaloval/a som,Nevytvoril,Nenavštevujem,"Žiadosť o prevod držby vozidla na inú osobu, Vydanie nového občianskeho preukazu s čipom, Prihlásenie na trvalý pobyt alebo na prechodný pobyt, Vydanie úradného výpisu matričného dokladu",Nepoužívam,Neutrálne,Áno
6.5.2018 8:59:59,23,Žena,Málo prehľadné,Prehľadné,Ťažko sa mi s ňou pracuje,"Jednoduchá inštalácia, avšak neprehľadné návody",Stredne náročný,Používanie služieb verejnej správy,"Návrh na zápis, zmenu a výmaz údajov v obchodnom registri, Výpis z obchodného registra, Žiadosť o výpis zo živnostenského registra",Často ne fungujú,Negatívne,Nie
6.5.2018 9:21:38,24,Muž,Nepoužívam,Nepoužívam,Nepoužívam,Neinštaloval/a som,Nevytvoril,Nenavštevujem,Žiadne,Nepoužívam,Neutrálne,Áno
7.5.2018 10:27:28,24,Muž,Celkom prehľadné,Celkom prehľadné,Veľmi užitočná služba dobre sa s ňou pracuje,Neinštaloval/a som,Nevytvoril,Vyhľadávanie informácií,"Výpis z obchodného registra, Ohlásenie živnosti, Späťvzatie priezviska po rozvode",Nepoužívam,Pozitívne,Áno
9.5.2018 12:25:04,22,Žena,Nepoužívam,Nepoužívam,Nepoužívam,Neinštaloval/a som,Nevytvoril,Nenavštevujem,Žiadne,Nepoužívam,Neutrálne,Nie
9.5.2018 22:02:30,44,Muž,Nepoužívam,Nepoužívam,Nepoužívam,Neinštaloval/a som,Nevytvoril,Nenavštevujem,Žiadne,Nepoužívam,Neutrálne,Áno
9.5.2018 22:06:50,43,Žena,Málo prehľadné,Nepoužívam,Ťažko sa mi s ňou pracuje,Jednoduchá inštalácia a prehľadné návody,Nenáročný,"Pracovne, je to nevyhnutné kvôli mojej práci","Návrh na zápis, zmenu a výmaz údajov v obchodnom registri, Ohlásenie živnosti, doručovanie súdnych rozhodnutí, elektronické podania do katastrov, doručovanie žiadostí na iné OVM, preberanie podaní do spisov, elektronická komunikácia so súdmi, OVS, OŠS, inými OVM",Často ne fungujú,Neutrálne,Áno
9.5.2018 22:07:44,32,Žena,Neprehľadné,Neprehľadné,Ťažko sa mi s ňou pracuje,"Jednoduchá inštalácia, avšak neprehľadné návody",Nenáročný,"Pracovne, je to nevyhnutné kvôli mojej práci",Žiadne,Často ne fungujú,Negatívne,Nie
9.5.2018 22:11:48,43,Muž,Prehľadné,Nepoužívam,"Bežná služba, ničím výnimočné ale pracuje sa s ňou dobre",Zložitá inštalácia a neprehľadné návody,Nenáročný,Používanie služieb verejnej správy,"Ohlásenie živnosti, Vybavenie rodičovskej",Často fungujú,Veľmi negatívne,Áno
9.5.2018 22:16:09,35,Muž,Nepoužívam,Nepoužívam,Nepoužívam,Neinštaloval/a som,Nevytvoril,Nenavštevujem,Žiadne,Nepoužívam,Neutrálne,Nie
9.5.2018 22:18:45,57,Žena,Málo prehľadné,Málo prehľadné,Ťažko sa mi s ňou pracuje,"Jednoduchá inštalácia, avšak neprehľadné návody",Nenáročný,"Pracovne, je to nevyhnutné kvôli mojej práci",Pracovne,Často ne fungujú,Neutrálne,Nie
9.5.2018 22:41:38,48,Muž,Málo prehľadné,Neprehľadné,Ťažko sa mi s ňou pracuje,Zložitá inštalácia a neprehľadné návody,Nevytvoril,"Pracovne, je to nevyhnutné kvôli mojej práci",Komunikácia s uradmi,Často ne fungujú,Negatívne,Áno
9.5.2018 22:44:32,34,Muž,Málo prehľadné,Nepoužívam,Ťažko sa mi s ňou pracuje,Zložitá inštalácia a neprehľadné návody,Nenáročný,Používanie služieb verejnej správy,Žiadosť o prevod držby vozidla na inú osobu,Často ne fungujú,Negatívne,Nie
9.5.2018 22:56:07,41,Žena,Celkom prehľadné,Celkom prehľadné,Nepoužívam,Neinštaloval/a som,Nevytvoril,Používanie služieb verejnej správy,Pracovne ponuky,Často fungujú,Pozitívne,Áno
9.5.2018 22:57:27,39,Muž,Prehľadné,Nepoužívam,Nepoužívam,"Zložitá inštalácia, avšak prehľadné návody",Stredne náročný,Používanie služieb verejnej správy,Ohlásenie živnosti,Často ne fungujú,Neutrálne,Nie
10.5.2018 7:30:36,33,Žena,Nepoužívam,Nepoužívam,Nepoužívam,Neinštaloval/a som,Nevytvoril,Nenavštevujem,Žiadne,Nepoužívam,Neutrálne,Nie
10.5.2018 9:07:28,42,Muž,Celkom prehľadné,Celkom prehľadné,Veľmi užitočná služba dobre sa s ňou pracuje,Jednoduchá inštalácia a prehľadné návody,Stredne náročný,Vyhľadávanie informácií,Výpis alebo odpis z registra trestov,Často fungujú,Pozitívne,Áno
10.5.2018 10:58:52,44,Muž,Celkom prehľadné,Celkom prehľadné,Ťažko sa mi s ňou pracuje,Jednoduchá inštalácia a prehľadné návody,Nevytvoril,"Pracovne, je to nevyhnutné kvôli mojej práci",Žiadne,Nepoužívam,Negatívne,Áno
10.5.2018 16:21:54,40,Žena,Neprehľadné,Nepoužívam,Ťažko sa mi s ňou pracuje,Zložitá inštalácia a neprehľadné návody,Nevytvoril,"Pracovne, je to nevyhnutné kvôli mojej práci",Stiahnutie si dokumentov zo schranky,Často ne fungujú,Veľmi negatívne,Nie
10.5.2018 21:16:51,36,Muž,Málo prehľadné,Málo prehľadné,"Bežná služba, ničím výnimočné ale pracuje sa s ňou dobre",Jednoduchá inštalácia a prehľadné návody,Nenáročný,"Pracovne, je to nevyhnutné kvôli mojej práci",Ezaloby.sk,Často fungujú,Neutrálne,Áno
10.5.2018 22:03:08,42,Muž,Málo prehľadné,Nepoužívam,Ťažko sa mi s ňou pracuje,Zložitá inštalácia a neprehľadné návody,Stredne náročný,"Pracovne, je to nevyhnutné kvôli mojej práci",Ziadost o vydanie suhlasu Reg.uradu verejneho zdravotnictva s uvedenim priestorov do precadzky,Často ne fungujú,Neutrálne,Áno
11.5.2018 14:21:10,25,Žena,Nepoužívam,Nepoužívam,Nepoužívam,Neinštaloval/a som,Nevytvoril,Nenavštevujem,Žiadne,Nepoužívam,Neutrálne,Nie
11.5.2018 14:28:11,37,Žena,Málo prehľadné,Málo prehľadné,"Bežná služba, ničím výnimočné ale pracuje sa s ňou dobre",Zložitá inštalácia a neprehľadné návody,Stredne náročný,"Pracovne, je to nevyhnutné kvôli mojej práci","Návrh na zápis, zmenu a výmaz údajov v obchodnom registri, Ohlásenie živnosti, Vydanie nového občianskeho preukazu s čipom, Prihlásenie na trvalý pobyt alebo na prechodný pobyt",Často ne fungujú,Neutrálne,Áno
11.5.2018 14:30:29,24,Muž,Málo prehľadné,Málo prehľadné,"Bežná služba, ničím výnimočné ale pracuje sa s ňou dobre",Zložitá inštalácia a neprehľadné návody,Stredne náročný,Používanie služieb verejnej správy,Žiadne,Nepoužívam,Negatívne,Áno
11.5.2018 14:30:41,25,Žena,Nepoužívam,Nepoužívam,Nepoužívam,Neinštaloval/a som,Nevytvoril,Nenavštevujem,Žiadne,Nepoužívam,Neutrálne,Áno
11.5.2018 14:39:24,28,Muž,Málo prehľadné,Málo prehľadné,Nepoužívam,Neinštaloval/a som,Nevytvoril,Nenavštevujem,Žiadne,Nepoužívam,Neutrálne,Nie
11.5.2018 14:43:23,20,Muž,Neprehľadné,Neprehľadné,"Bežná služba, ničím výnimočné ale pracuje sa s ňou dobre","Jednoduchá inštalácia, avšak neprehľadné návody",Nevytvoril,"Pracovne, je to nevyhnutné kvôli mojej práci",Žiadne,Často ne fungujú,Neutrálne,Áno
11.5.2018 14:44:38,23,Muž,Celkom prehľadné,Málo prehľadné,Nepoužívam,Neinštaloval/a som,Nevytvoril,Vyhľadávanie informácií,Žiadne,Nepoužívam,Neutrálne,Áno
11.5.2018 14:45:29,22,Žena,Málo prehľadné,Málo prehľadné,Nepoužívam,Neinštaloval/a som,Nevytvoril,Vyhľadávanie informácií,vyhladanie inych informacii,Často fungujú,Neutrálne,Nie
11.5.2018 15:11:34,25,Muž,Málo prehľadné,Málo prehľadné,Nepoužívam,"Zložitá inštalácia, avšak prehľadné návody",Stredne náročný,Používanie služieb verejnej správy,Podanie danoveho priznania,Často fungujú,Neutrálne,Áno
11.5.2018 15:13:08,26,Muž,Celkom prehľadné,Málo prehľadné,Nepoužívam,Neinštaloval/a som,Nevytvoril,Nenavštevujem,Žiadne,Nepoužívam,Neutrálne,Áno
11.5.2018 15:23:00,21,Žena,Nepoužívam,Nepoužívam,Nepoužívam,Neinštaloval/a som,Nevytvoril,Nenavštevujem,Žiadne,Nepoužívam,Pozitívne,Áno
11.5.2018 15:43:27,25,Žena,Nepoužívam,Nepoužívam,Nepoužívam,Neinštaloval/a som,Nevytvoril,Nenavštevujem,Žiadne,Nepoužívam,Neutrálne,Nie
11.5.2018 16:00:25,25,Žena,Neprehľadné,Nepoužívam,Ťažko sa mi s ňou pracuje,"Zložitá inštalácia, avšak prehľadné návody",Náročný,"Pracovne, je to nevyhnutné kvôli mojej práci","Návrh na zápis, zmenu a výmaz údajov v obchodnom registri, Ohlásenie živnosti",Často ne fungujú,Neutrálne,Áno
11.5.2018 16:05:26,23,Muž,Celkom prehľadné,Celkom prehľadné,Nepoužívam,Neinštaloval/a som,Nevytvoril,Nenavštevujem,Žiadne,Nepoužívam,Neutrálne,Áno
11.5.2018 16:48:15,22,Žena,Nepoužívam,Nepoužívam,Nepoužívam,Neinštaloval/a som,Nevytvoril,Nenavštevujem,Žiadne,Nepoužívam,Neutrálne,Nie
11.5.2018 17:14:57,23,Muž,Nepoužívam,Nepoužívam,Nepoužívam,Neinštaloval/a som,Nevytvoril,Nenavštevujem,Žiadne,Nepoužívam,Neutrálne,Nie
11.5.2018 17:29:54,23,Žena,Celkom prehľadné,Málo prehľadné,Ťažko sa mi s ňou pracuje,Zložitá inštalácia a neprehľadné návody,Stredne náročný,"Pracovne, je to nevyhnutné kvôli mojej práci","Návrh na zápis, zmenu a výmaz údajov v obchodnom registri, Výpis z obchodného registra, Ohlásenie živnosti, Žiadosť o výpis zo živnostenského registra",Často ne fungujú,Neutrálne,Áno
11.5.2018 17:42:49,25,Žena,Celkom prehľadné,Málo prehľadné,"Bežná služba, ničím výnimočné ale pracuje sa s ňou dobre",Neinštaloval/a som,Náročný,Vyhľadávanie informácií,Žiadne,Nepoužívam,Neutrálne,Áno
11.5.2018 18:08:07,26,Žena,Prehľadné,Prehľadné,"Bežná služba, ničím výnimočné ale pracuje sa s ňou dobre",Neinštaloval/a som,Nevytvoril,Používanie služieb verejnej správy,Žiadne,Nepoužívam,Pozitívne,Áno
11.5.2018 18:09:22,20,Muž,Celkom prehľadné,Celkom prehľadné,Veľmi užitočná služba dobre sa s ňou pracuje,Neinštaloval/a som,Nevytvoril,Vyhľadávanie informácií,Výpis alebo odpis z registra trestov,Často fungujú,Neutrálne,Áno
11.5.2018 18:26:54,20,Muž,Neprehľadné,Neprehľadné,Ťažko sa mi s ňou pracuje,Zložitá inštalácia a neprehľadné návody,Nevytvoril,Používanie služieb verejnej správy,Vydanie nového občianskeho preukazu s čipom,Často ne fungujú,Veľmi negatívne,Áno
11.5.2018 19:55:24,21,Muž,Neprehľadné,Neprehľadné,Ťažko sa mi s ňou pracuje,Zložitá inštalácia a neprehľadné návody,Náročný,"Pracovne, je to nevyhnutné kvôli mojej práci","Výpis z obchodného registra, Výpis alebo odpis z registra trestov, Žiadosť o prevod držby vozidla na inú osobu, Vydanie nového občianskeho preukazu s čipom, Prihlásenie na trvalý pobyt alebo na prechodný pobyt",Často ne fungujú,Negatívne,Áno
11.5.2018 20:17:40,21,Muž,Nepoužívam,Nepoužívam,Nepoužívam,Neinštaloval/a som,Nevytvoril,Nenavštevujem,Žiadne,Nepoužívam,Veľmi negatívne,Nie
11.5.2018 20:19:02,21,Muž,Nepoužívam,Nepoužívam,Nepoužívam,Neinštaloval/a som,Nevytvoril,Nenavštevujem,Obyčajná predražená stránka kde sa nejaký žid musel nabaliť a ostatný tiež. Takú stránku by hocijaký študent zbúchal na kolene a nestálo by to miliardu ,Nepoužívam,Veľmi negatívne,Nie
11.5.2018 22:59:55,21,Žena,Nepoužívam,Nepoužívam,Nepoužívam,Neinštaloval/a som,Nevytvoril,Nenavštevujem,Žiadne,Nepoužívam,Neutrálne,Áno
12.5.2018 10:38:29,21,Žena,Málo prehľadné,Nepoužívam,Nepoužívam,Neinštaloval/a som,Nevytvoril,Nenavštevujem,Žiadne,Nepoužívam,Neutrálne,Nie
12.5.2018 11:33:04,26,Muž,Celkom prehľadné,Celkom prehľadné,Nepoužívam,Zložitá inštalácia a neprehľadné návody,Nevytvoril,Vyhľadávanie informácií,Žiadne,Nepoužívam,Neutrálne,Áno
12.5.2018 11:49:27,22,Žena,Málo prehľadné,Málo prehľadné,Ťažko sa mi s ňou pracuje,"Jednoduchá inštalácia, avšak neprehľadné návody",Nenáročný,Používanie služieb verejnej správy,"Návrh na zápis, zmenu a výmaz údajov v obchodnom registri, Výpis z obchodného registra",Často fungujú,Neutrálne,Áno
12.5.2018 12:41:15,24,Žena,Málo prehľadné,Neprehľadné,Ťažko sa mi s ňou pracuje,Jednoduchá inštalácia a prehľadné návody,Stredne náročný,"Pracovne, je to nevyhnutné kvôli mojej práci",Žiadne,Často ne fungujú,Neutrálne,Áno
12.5.2018 12:54:18,21,Žena,Nepoužívam,Nepoužívam,Nepoužívam,Neinštaloval/a som,Nevytvoril,Nenavštevujem,Výpis z obchodného registra,Vždy fungujú,Neutrálne,Nie
12.5.2018 14:46:37,23,Žena,Nepoužívam,Nepoužívam,Nepoužívam,Neinštaloval/a som,Nevytvoril,Nenavštevujem,Žiadne,Nepoužívam,Neutrálne,Nie
12.5.2018 18:35:23,21,Žena,Málo prehľadné,Nepoužívam,"Bežná služba, ničím výnimočné ale pracuje sa s ňou dobre",Jednoduchá inštalácia a prehľadné návody,Stredne náročný,"Pracovne, je to nevyhnutné kvôli mojej práci",Ohlásenie živnosti,Vždy fungujú,Negatívne,Áno
12.5.2018 20:10:23,20,Žena,Neprehľadné,Nepoužívam,Nepoužívam,Zložitá inštalácia a neprehľadné návody,Nevytvoril,Nenavštevujem,Žiadne,Často ne fungujú,Neutrálne,Áno
12.5.2018 21:11:31,23,Žena,Nepoužívam,Nepoužívam,Nepoužívam,Neinštaloval/a som,Nevytvoril,Nenavštevujem,Žiadne,Nepoužívam,Neutrálne,Áno
13.5.2018 13:21:31,43,Muž,Celkom prehľadné,Celkom prehľadné,"Bežná služba, ničím výnimočné ale pracuje sa s ňou dobre",Jednoduchá inštalácia a prehľadné návody,Stredne náročný,"Pracovne, je to nevyhnutné kvôli mojej práci","Návrh na zápis, zmenu a výmaz údajov v obchodnom registri, Ohlásenie živnosti, Žiadosť o výpis zo živnostenského registra, Výpis alebo odpis z registra trestov",Vždy fungujú,Veľmi pozitívne,Áno
13.5.2018 13:22:09,37,Žena,Prehľadné,Prehľadné,Veľmi užitočná služba dobre sa s ňou pracuje,"Jednoduchá inštalácia, avšak neprehľadné návody",Stredne náročný,Používanie služieb verejnej správy,"Ohlásenie živnosti, Žiadosť o výpis zo živnostenského registra, Výpis alebo odpis z registra trestov, Vydanie nového občianskeho preukazu s čipom, Prihlásenie na trvalý pobyt alebo na prechodný pobyt",Vždy fungujú,Veľmi pozitívne,Áno
13.5.2018 17:14:33,ľá,Muž,Neprehľadné,Málo prehľadné,Ťažko sa mi s ňou pracuje,"Jednoduchá inštalácia, avšak neprehľadné návody",Náročný,"Pracovne, je to nevyhnutné kvôli mojej práci","Návrh na zápis, zmenu a výmaz údajov v obchodnom registri, Výpis z obchodného registra, Ohlásenie živnosti",Často ne fungujú,Negatívne,Nie
13.5.2018 17:44:31,31,Muž,Málo prehľadné,Celkom prehľadné,Veľmi užitočná služba dobre sa s ňou pracuje,"Jednoduchá inštalácia, avšak neprehľadné návody",Stredne náročný,Vyhľadávanie informácií,Žiadne,Nepoužívam,Neutrálne,Nie
14.5.2018 9:13:11,43,Muž,Málo prehľadné,Celkom prehľadné,"Bežná služba, ničím výnimočné ale pracuje sa s ňou dobre","Zložitá inštalácia, avšak prehľadné návody",Stredne náročný,Vyhľadávanie informácií,Výpis alebo odpis z registra trestov,Často fungujú,Neutrálne,Áno
14.5.2018 9:30:45,25,Žena,Celkom prehľadné,Celkom prehľadné,Nepoužívam,Neinštaloval/a som,Nevytvoril,Nenavštevujem,Žiadne,Nepoužívam,Neutrálne,Nie
14.5.2018 12:12:37,24,Muž,Prehľadné,Prehľadné,Veľmi užitočná služba dobre sa s ňou pracuje,Jednoduchá inštalácia a prehľadné návody,Nenáročný,Používanie služieb verejnej správy,"Návrh na zápis, zmenu a výmaz údajov v obchodnom registri, Výpis z obchodného registra, Žiadosť o prevod držby vozidla na inú osobu, Vydanie nového občianskeho preukazu s čipom, Späťvzatie priezviska po rozvode",Vždy fungujú,Veľmi pozitívne,Áno
14.5.2018 12:13:58,21,Žena,Celkom prehľadné,Prehľadné,Ťažko sa mi s ňou pracuje,"Jednoduchá inštalácia, avšak neprehľadné návody",Nenáročný,"Pracovne, je to nevyhnutné kvôli mojej práci","Návrh na zápis, zmenu a výmaz údajov v obchodnom registri, Žiadosť o výpis zo živnostenského registra, Výpis alebo odpis z registra trestov, Žiadosť o prevod držby vozidla na inú osobu",Vždy fungujú,Pozitívne,Áno
14.5.2018 12:14:52,27,Muž,Prehľadné,Prehľadné,Veľmi užitočná služba dobre sa s ňou pracuje,Jednoduchá inštalácia a prehľadné návody,Nenáročný,"Pracovne, je to nevyhnutné kvôli mojej práci","Návrh na zápis, zmenu a výmaz údajov v obchodnom registri, Výpis z obchodného registra, Prihlásenie na trvalý pobyt alebo na prechodný pobyt, Vydanie úradného výpisu matričného dokladu",Vždy fungujú,Veľmi pozitívne,Áno
14.5.2018 12:15:39,34,Žena,Celkom prehľadné,Celkom prehľadné,Veľmi užitočná služba dobre sa s ňou pracuje,Jednoduchá inštalácia a prehľadné návody,Stredne náročný,Vyhľadávanie informácií,"Návrh na zápis, zmenu a výmaz údajov v obchodnom registri, Ohlásenie živnosti, Žiadosť o výpis zo živnostenského registra, Výpis alebo odpis z registra trestov, Žiadosť o prevod držby vozidla na inú osobu, Späťvzatie priezviska po rozvode",Vždy fungujú,Pozitívne,Áno
14.5.2018 12:24:33,21,Muž,Málo prehľadné,Celkom prehľadné,Veľmi užitočná služba dobre sa s ňou pracuje,"Jednoduchá inštalácia, avšak neprehľadné návody",Nenáročný,Vyhľadávanie informácií,"Výpis z obchodného registra, Ohlásenie živnosti, Prihlásenie na trvalý pobyt alebo na prechodný pobyt",Často fungujú,Pozitívne,Áno
14.5.2018 12:25:36,52,Muž,Málo prehľadné,Málo prehľadné,Ťažko sa mi s ňou pracuje,Zložitá inštalácia a neprehľadné návody,Náročný,Používanie služieb verejnej správy,"Žiadosť o výpis zo živnostenského registra, Výpis alebo odpis z registra trestov, Prihlásenie na trvalý pobyt alebo na prechodný pobyt",Často fungujú,Negatívne,Nie
15.5.2018 15:43:04,57,Žena,Celkom prehľadné,Nepoužívam,"Bežná služba, ničím výnimočné ale pracuje sa s ňou dobre",Zložitá inštalácia a neprehľadné návody,Nevytvoril,"Pracovne, je to nevyhnutné kvôli mojej práci","prevzatie a podanie dokumentov exekútorských úradov, sociálnej a zdravotnej poisťovne, katastra,",Často fungujú,Pozitívne,Nie
16.5.2018 13:34:06,1967,Muž,Málo prehľadné,Nepoužívam,Nepoužívam,Zložitá inštalácia a neprehľadné návody,Náročný,Nenavštevujem,Žiadne,Nepoužívam,Veľmi negatívne,Áno
16.5.2018 16:48:47,23,Muž,Nepoužívam,Nepoužívam,Nepoužívam,Neinštaloval/a som,Nevytvoril,Nenavštevujem,Žiadne,Nepoužívam,Neutrálne,Áno
20.5.2018 16:34:39,26,Muž,Nepoužívam,Nepoužívam,Nepoužívam,Neinštaloval/a som,Nevytvoril,Nenavštevujem,Žiadne,Nepoužívam,Neutrálne,
21.5.2018 11:24:12,40,Muž,Neprehľadné,Neprehľadné,Ťažko sa mi s ňou pracuje,Zložitá inštalácia a neprehľadné návody,Stredne náročný,Používanie služieb verejnej správy,nefungovalo,Často ne fungujú,Negatívne,Nie
21.5.2018 11:46:47,46,Muž,Málo prehľadné,Nepoužívam,Ťažko sa mi s ňou pracuje,"Zložitá inštalácia, avšak prehľadné návody",Náročný,"Pracovne, je to nevyhnutné kvôli mojej práci",schranka,Často ne fungujú,Veľmi negatívne,Nie
24.5.2018 11:44:37,24,Muž,Celkom prehľadné,Nepoužívam,"Bežná služba, ničím výnimočné ale pracuje sa s ňou dobre",Neinštaloval/a som,Nevytvoril,Vyhľadávanie informácií,Žiadne,Nepoužívam,Neutrálne,Nie